arm,runs,mean_total_cost,mean_cost_gap_vs_oracle,mean_stockout_cost,mean_holding_cost,mean_action_cost,mean_processing_cost,mean_service_level,mean_service_loss_vs_baseline,before_cutoff_rate,miss_rate,extraction_exact_rate
human_planner,6000,2033.0024497927852,2033.0024497927852,1167.4192476646506,715.6221354614679,124.96106666666667,25.0,0.7111560244284335,0.049730065217308855,0.6133333333333333,0.106,0.894
hybrid_llm_human,6000,1868.516779087721,1868.516779087721,850.4267738665156,834.392571887872,175.1141,8.583333333333334,0.7934755024842184,0.02369480588663398,0.8733333333333333,0.016666666666666666,0.6166666666666667
llm_agent,6000,1913.0578533556074,1913.0578533556074,804.8272216874134,918.2989650015273,189.68166666666667,0.25,0.8061221408104058,0.02468228710007572,1.0,0.0,0.6166666666666667
oracle,6000,0.0,0.0,0.0,0.0,0.0,0.0,1.0,0.0,1.0,0.0,1.0
rule_system,6000,1983.8281396140205,1983.8281396140205,996.5390890930585,836.6440505209622,150.545,0.1,0.752403316755956,0.045291264043288114,1.0,0.0,0.6
